<?xml version="1.0" encoding="utf-8" ?><dwsync><file name="room007.png" server="3srv.sakura.ne.jp" local="3677648662" remote="3680854860" Dst="-1" /><file name="room006.png" server="3srv.sakura.ne.jp" local="3677648662" remote="3680854860" Dst="-1" /><file name="room010.png" server="3srv.sakura.ne.jp" local="3677648662" remote="3680854860" Dst="-1" /><file name="bg-beach.jpg" server="3srv.sakura.ne.jp" local="3677648179" remote="3680854860" Dst="-1" /><file name="room004.png" server="3srv.sakura.ne.jp" local="3677648662" remote="3680854860" Dst="-1" /><file name="room005.png" server="3srv.sakura.ne.jp" local="3677648662" remote="3680854860" Dst="-1" /><file name="room001.png" server="3srv.sakura.ne.jp" local="3677648662" remote="3680854860" Dst="-1" /><file name="bg-green.jpg" server="3srv.sakura.ne.jp" local="3677647869" remote="3680854860" Dst="-1" /><file name="room002.png" server="3srv.sakura.ne.jp" local="3677648662" remote="3680854860" Dst="-1" /><file name="room000.png" server="3srv.sakura.ne.jp" local="3677648662" remote="3680854860" Dst="-1" /><file name="room003.png" server="3srv.sakura.ne.jp" local="3677648662" remote="3680854860" Dst="-1" /><file name="room.png" server="3srv.sakura.ne.jp" local="3677205616" remote="3680854860" Dst="-1" /><file name="room008.png" server="3srv.sakura.ne.jp" local="3677648662" remote="3680854860" Dst="-1" /><file name="entrance.png" server="3srv.sakura.ne.jp" local="3677648662" remote="3680854860" Dst="-1" /><file name="room009.png" server="3srv.sakura.ne.jp" local="3677648662" remote="3680854860" Dst="-1" /></dwsync>